zone,date,volatility,price_max,price_min,wind_share,solar_share,renewables_share,price_gap,month
DE_LU,2025-12-01,7.9482256929875,74.08,55.95,0.6010023039036357,0.00014121521969693738,0.6011435191233327,18.129999999999995,12
DE_LU,2025-12-02,35.89720829427226,181.42,48.96,0.37434899673469996,0.03749997680066073,0.4118489735353607,132.45999999999998,12
DE_LU,2025-12-03,65.06095314481523,358.28,86.51,0.09637664391655659,0.024861715783071184,0.12123835969962778,271.77,12
DE_LU,2025-12-04,24.6770140853116,169.95,87.93,0.1481022372110097,0.024795395422616735,0.17289763263362645,82.01999999999998,12
DE_LU,2025-12-05,36.54233867193006,198.71,71.25,0.1162130664236183,0.019310997546892264,0.13552406397051056,127.46000000000001,12
DE_LU,2025-12-06,9.999772654762193,104.62,60.64,0.5599675821224849,0.021920020878636957,0.5818876030011219,43.980000000000004,12
DE_LU,2025-12-07,23.135227342724797,116.27,8.53,0.5124957928803202,0.02528972803186322,0.5377855209121835,107.74,12
DE_LU,2025-12-08,33.13910249141341,111.45,4.0,0.5756069348687299,0.025871829032451013,0.6014787639011809,107.45,12
DE_LU,2025-12-09,20.780756090028234,135.99,29.72,0.44682465414734507,0.039889796259704145,0.48671445040704925,106.27000000000001,12
DE_LU,2025-12-10,22.748625491299926,113.29,28.44,0.49824329218314306,0.02600958548409364,0.5242528776672367,84.85000000000001,12
DE_LU,2025-12-11,14.430608009813525,124.9,69.82,0.4271015437788277,0.03175872797541209,0.45886027175423977,55.08000000000001,12
DE_LU,2025-12-12,19.42685474335201,160.87,81.07,0.16791424965135548,0.03463690031707179,0.20255114996842727,79.80000000000001,12
DE_LU,2025-12-13,12.65444907546388,124.85,71.35,0.2918488573673185,0.01819177872193113,0.31004063608924964,53.5,12
DE_LU,2025-12-14,9.322843506230631,111.25,65.96,0.4569988691293358,0.024586060520225616,0.4815849296495614,45.290000000000006,12
DE_LU,2025-12-15,13.24754827863393,119.0,68.57,0.43060496968955925,0.04348975776880685,0.47409472745836606,50.43000000000001,12
DE_LU,2025-12-16,26.399669243010436,177.94,76.26,0.2596265799830762,0.038094001471107926,0.2977205814541842,101.67999999999999,12
DE_LU,2025-12-17,19.688208205864136,148.57,69.52,0.23807611170266918,0.03577580610548021,0.2738519178081494,79.05,12
DE_LU,2025-12-18,27.320125355911518,127.9,7.0,0.57096714390063,0.047293143735967845,0.6182602876365978,120.9,12
DE_LU,2025-12-19,37.59586345512499,108.95,3.28,0.5051312247926913,0.022130069497880506,0.5272612942905719,105.67,12
DE_LU,2025-12-20,13.53890206327483,128.99,81.33,0.17736505681269396,0.04233645817059856,0.21970151498329252,47.66000000000001,12
DE_LU,2025-12-21,10.515152323061848,111.83,64.13,0.418216209977282,0.046444180923146595,0.4646603909004286,47.7,12
DE_LU,2025-12-22,12.069601153583292,109.31,64.2,0.513654333966613,0.016439961834765454,0.5300942958013785,45.11,12
DE_LU,2025-12-23,10.165082786638305,88.6,51.52,0.5994816949714266,0.010753385340269135,0.6102350803116957,37.07999999999999,12
DE_LU,2025-12-24,10.831274502913132,90.74,53.1,0.629038131532786,0.023870923080445212,0.6529090546132312,37.63999999999999,12
DE_LU,2025-12-25,19.753650435181612,106.45,42.15,0.44897233646148393,0.0654923041585591,0.5144646406200429,64.30000000000001,12
DE_LU,2025-12-26,14.274031959372682,121.71,75.12,0.26685605816133323,0.06935143367766254,0.33620749183899584,46.58999999999999,12
DE_LU,2025-12-27,12.439840988364345,115.05,69.16,0.38337332422397497,0.05347948694774812,0.4368528111717231,45.89,12
DE_LU,2025-12-28,12.365102949589508,120.51,74.99,0.29386134682838494,0.07683028763284645,0.3706916344612314,45.52000000000001,12
DE_LU,2025-12-29,11.09263100533926,120.05,69.71,0.465606557675126,0.03414789133150601,0.49975444900663196,50.34,12
DE_LU,2025-12-30,14.255587393363509,119.93,67.91,0.43777341994857855,0.05378355185749061,0.4915569718060691,52.02000000000001,12
DE_LU,2025-12-31,11.832893876816442,119.24,49.99,0.5555503094137763,0.027279627847261317,0.5828299372610376,69.25,12
DE_LU,2026-01-01,11.426670947235836,60.01,-0.01,0.6897295113078976,0.023341718843709527,0.7130712301516072,60.019999999999996,1
DE_LU,2026-01-02,31.92352778550531,94.95,0.0,0.6298765620457628,0.014059678816460358,0.6439362408622232,94.95,1
DE_LU,2026-01-03,10.882027624450245,112.8,72.55,0.5733432548725995,0.02086561602660317,0.5942088708992027,40.25,1
DE_LU,2026-01-04,12.442210745909017,123.5,82.19,0.4253299878953267,0.02799642393525068,0.45332641183057737,41.31,1
DE_LU,2026-01-05,38.97777195616325,244.39,85.28,0.2290166787713389,0.027266345819413864,0.2562830245907528,159.10999999999999,1
DE_LU,2026-01-06,24.151603382673105,189.91,84.21,0.18164648364550487,0.01922776106278073,0.20087424470828563,105.7,1
DE_LU,2026-01-07,12.98025394040719,131.57,80.29,0.4265032595554245,0.028026699020554532,0.454529958575979,51.27999999999999,1
DE_LU,2026-01-08,71.06866782395691,300.05,68.55,0.27699540372190345,0.0105891282767063,0.2875845319986097,231.5,1
DE_LU,2026-01-09,13.33877429171298,98.93,45.81,0.6111928550595618,0.015000210537539846,0.6261930655971016,53.120000000000005,1
DE_LU,2026-01-10,23.468630737076392,143.57,65.52,0.4144603964210331,0.013235598965178291,0.4276959953862114,78.05,1
DE_LU,2026-01-11,10.601220344660915,120.64,80.72,0.31715480806785684,0.02837191105123361,0.34552671911909044,39.92,1
DE_LU,2026-01-12,21.218412318192538,140.09,75.3,0.388291661832878,0.007073621230535083,0.3953652830634131,64.79,1
DE_LU,2026-01-13,19.419503525913903,153.99,74.01,0.36939427303544276,0.024900815903385554,0.39429508893882836,79.98,1
DE_LU,2026-01-14,32.779634543089536,224.16,83.8,0.34577629541844906,0.02673787871675679,0.3725141741352059,140.36,1
DE_LU,2026-01-15,16.96717455724848,154.92,68.6,0.42103020397039487,0.0408243100864865,0.46185451405688144,86.32,1
DE_LU,2026-01-16,30.838150839390217,209.97,66.76,0.34630657927827063,0.05895058852908949,0.40525716780736004,143.20999999999998,1
DE_LU,2026-01-17,15.049671127359124,145.61,92.11,0.24865617596587017,0.04299252864670499,0.29164870461257514,53.500000000000014,1
DE_LU,2026-01-18,12.697162681657408,146.2,96.13,0.3126352146262495,0.05714527287371258,0.369780487499962,50.06999999999999,1
DE_LU,2026-01-19,35.37501582852538,218.25,97.7,0.2718246848126755,0.07130086994137942,0.3431255547540549,120.55,1
DE_LU,2026-01-20,61.13974407179405,358.85,98.14,0.17991323894630426,0.08353645778199874,0.263449696728303,260.71000000000004,1
DE_LU,2026-01-21,23.764615490889483,199.49,90.0,0.2888821469627283,0.07731583542540917,0.36619798238813744,109.49000000000001,1
DE_LU,2026-01-22,17.112344802456434,148.0,82.08,0.35081401492945735,0.06120596619870771,0.41201998112816507,65.92,1
DE_LU,2026-01-23,17.835341066375694,162.67,94.43,0.3936301767845074,0.04922996678010885,0.4428601435646162,68.23999999999998,1
DE_LU,2026-01-24,14.719530275626576,148.95,96.86,0.33056964019526275,0.04326293188677802,0.3738325720820408,52.08999999999999,1
DE_LU,2026-01-25,11.219853174270725,139.33,98.99,0.31046030412565595,0.023812109836034958,0.3342724139616909,40.34000000000002,1
DE_LU,2026-01-26,31.768584558781043,200.03,93.64,0.26478765510744723,0.009549915702650635,0.2743375708100979,106.39,1
DE_LU,2026-01-27,21.248505804020894,188.69,100.4,0.2586853935043408,0.031864854901567916,0.29055024840590865,88.28999999999999,1
DE_LU,2026-01-28,26.737591782771055,188.34,100.4,0.32586975663113765,0.020363087396926553,0.3462328440280642,87.94,1
DE_LU,2026-01-29,24.665860585453988,173.07,96.46,0.3086457029367033,0.006766553673768868,0.3154122566104722,76.61,1
DE_LU,2026-01-30,15.608923358805132,152.99,89.56,0.3546012195394734,0.024042574671521266,0.3786437942109946,63.43000000000001,1
DE_LU,2026-01-31,14.085201765396544,142.09,89.96,0.40275633421151946,0.030011069825709294,0.43276740403722874,52.13000000000001,1
DE_LU,2026-02-01,12.746336707568924,141.96,92.93,0.39102461901376934,0.029982856300168906,0.4210074753139383,49.03,2
DE_LU,2026-02-02,14.364556305395476,154.13,85.61,0.4477844638076503,0.033620055128171344,0.48140451893582165,68.52,2
DE_LU,2026-02-03,14.12665542542791,132.6,76.02,0.511135703650394,0.02991217073593107,0.5410478743863251,56.58,2
DE_LU,2026-02-04,13.435595846318616,137.49,79.76,0.3739422944666207,0.03556145382317236,0.40950374828979313,57.730000000000004,2
DE_LU,2026-02-05,16.139096725468715,151.31,86.46,0.2936551095484931,0.03589271560109817,0.3295478251495913,64.85000000000001,2
DE_LU,2026-02-06,18.321714223682733,148.13,96.84,0.2047640019236472,0.029691110005134348,0.23445511192878155,51.28999999999999,2
DE_LU,2026-02-07,12.333410960519101,140.53,90.06,0.2032135172634021,0.058309606429295634,0.26152312369269776,50.47,2
DE_LU,2026-02-08,11.178357342819746,134.01,90.28,0.25778285003522533,0.05351442692526697,0.3112972769604923,43.72999999999999,2
DE_LU,2026-02-09,34.996843554411164,244.77,93.42,0.18653585961842054,0.0442205665617004,0.23075642618012093,151.35000000000002,2
DE_LU,2026-02-10,14.620965893990917,150.1,93.26,0.25041020230590133,0.06089970939072096,0.3113099116966223,56.83999999999999,2
DE_LU,2026-02-11,14.686594961664278,141.0,86.24,0.32034405715684017,0.033768008824193195,0.35411206598103334,54.760000000000005,2
DE_LU,2026-02-12,14.561287988867488,132.11,81.53,0.41037371071399825,0.032301451028139076,0.44267516174213734,50.58000000000001,2
DE_LU,2026-02-13,17.842069128285214,144.63,81.18,0.2802434593478082,0.04378919440642438,0.32403265375423257,63.44999999999999,2
DE_LU,2026-02-14,14.129641480844201,135.0,86.62,0.17561005325359438,0.028989309735178923,0.20459936298877332,48.379999999999995,2
DE_LU,2026-02-15,15.257848316594098,103.9,37.07,0.3295955328512335,0.08281913934126235,0.4124146721924958,66.83000000000001,2
DE_LU,2026-02-16,20.34898228413403,140.06,60.1,0.38634076186642624,0.03787070057743629,0.4242114624438626,79.96000000000001,2
DE_LU,2026-02-17,14.653487504402035,134.14,79.0,0.27797342359200355,0.04567603740202333,0.32364946099402686,55.139999999999986,2
DE_LU,2026-02-18,27.580257577229315,206.43,80.68,0.19870364918365493,0.06729278544221699,0.2659964346258719,125.75,2
DE_LU,2026-02-19,10.407832955574378,123.65,74.09,0.4161610533297744,0.041116019227328986,0.45727707255710337,49.56,2
DE_LU,2026-02-20,18.21023533012434,122.42,33.18,0.43245975530328246,0.0653513817558146,0.49781113705909713,89.24000000000001,2
DE_LU,2026-02-21,21.995950655047817,109.72,24.94,0.6242377325172941,0.0379586696722008,0.6621964021894949,84.78,2
DE_LU,2026-02-22,13.858876463916738,89.23,31.1,0.6771299034543561,0.030960209232950637,0.7080901126873066,58.13,2
DE_LU,2026-02-23,32.24528579715725,113.67,1.07,0.6175246438475478,0.05435947277022863,0.6718841166177764,112.60000000000001,2
DE_LU,2026-02-24,30.406083484785928,243.02,83.47,0.14062385483023496,0.0673641152056133,0.20798797003584826,159.55,2
DE_LU,2026-02-25,20.650639461393773,145.8,45.03,0.2269035264354071,0.12749059822238615,0.35439412465779324,100.77000000000001,2
DE_LU,2026-02-26,27.8983410889492,121.8,7.43,0.43016579984880116,0.13242362027693524,0.5625894201257364,114.37,2
DE_LU,2026-02-27,36.31437159669323,131.73,-0.03,0.42185626354979466,0.14810470611348941,0.569960969663284,131.76,2
DE_LU,2026-02-28,33.669331850658054,105.0,-0.65,0.5131110468878726,0.12584820075515554,0.638959247643028,105.65,2
DE_LU,2026-03-01,35.85699930144056,113.06,-1.03,0.43300310088059457,0.14854376241724682,0.5815468632978414,114.09,3
DE_LU,2026-03-02,44.81354509058088,292.36,14.89,0.2864176603243322,0.17283642530084545,0.45925408562517767,277.47,3
DE_LU,2026-03-03,45.94141478652698,246.4,21.56,0.15401207189099891,0.18068870634925605,0.33470077824025496,224.84,3
DE_LU,2026-03-04,77.7250331713037,429.36,25.12,0.11777886914943482,0.18352296393181655,0.30130183308125136,404.24,3
DE_LU,2026-03-05,55.0965334375144,244.97,0.0,0.2567677838376828,0.18508566982825073,0.44185345366593354,244.97,3
DE_LU,2026-03-06,46.43699904631685,248.91,45.71,0.11965220969389444,0.18560524927503294,0.30525745896892736,203.2,3
DE_LU,2026-03-07,50.20192509665429,196.9,0.0,0.06497345846526019,0.2080903905659083,0.2730638490311685,196.9,3
DE_LU,2026-03-08,50.018006494065226,182.24,-0.01,0.1548611585940761,0.20167065089367298,0.35653180948774904,182.25,3
DE_LU,2026-03-09,49.15683043862704,259.61,63.91,0.09369535475127284,0.18265178545025987,0.2763471402015327,195.70000000000002,3
DE_LU,2026-03-10,38.527023270185346,237.15,70.28,0.14608146934503038,0.1669436445486818,0.3130251138937122,166.87,3
DE_LU,2026-03-11,43.244989211813014,169.27,0.1,0.5023867835671895,0.09424576780941518,0.5966325513766046,169.17000000000002,3
DE_LU,2026-03-12,48.22496717039346,164.33,-3.0,0.485332601795131,0.1495667695867829,0.6348993713819139,167.33,3
DE_LU,2026-03-13,66.36277316260329,185.0,-9.92,0.5137339962098411,0.11757580072352693,0.631309796933368,194.92,3
DE_LU,2026-03-14,20.74014724862715,183.48,99.34,0.16842097763212494,0.08843564421093107,0.25685662184305597,84.13999999999999,3
DE_LU,2026-03-15,35.75891958842687,155.05,12.48,0.22076422589040653,0.13292606471469506,0.3536902906051016,142.57000000000002,3
DE_LU,2026-03-16,54.97003686130195,184.54,10.05,0.4447490735441515,0.0909417503903167,0.5356908239344681,174.48999999999998,3
DE_LU,2026-03-17,32.30578792786752,214.99,87.21,0.22526640861638567,0.13579431498445102,0.3610607236008367,127.78000000000002,3
DE_LU,2026-03-18,57.174224240473954,192.59,-3.32,0.30545826506106283,0.20466970989132013,0.5101279749523829,195.91,3
DE_LU,2026-03-19,60.164100219750594,240.91,-0.01,0.12841874970351733,0.22797246266497118,0.3563912123684885,240.92,3
DE_LU,2026-03-20,44.56549998341688,237.87,56.25,0.0924601583270787,0.19890463782215193,0.29136479614923066,181.62,3
DE_LU,2026-03-21,40.918729428700615,189.71,20.0,0.1641069612358211,0.16399887683205258,0.3281058380678737,169.71,3
DE_LU,2026-03-22,65.1918947331914,185.46,-13.31,0.2180671912657897,0.23341779833588353,0.45148498960167327,198.77,3
DE_LU,2026-03-23,57.25018225053346,310.2,36.09,0.038733213947502586,0.2081528232392812,0.24688603718678379,274.11,3
DE_LU,2026-03-24,50.044132120817885,147.99,-0.04,0.4722636899562123,0.14467508805834464,0.6169387780145569,148.03,3
DE_LU,2026-03-25,57.06140877629194,175.34,-0.07,0.600162570703948,0.08068403991577593,0.680846610619724,175.41,3
DE_LU,2026-03-26,51.11348496495967,182.19,0.14,0.4430131440380501,0.12651716180527675,0.5695303058433269,182.05,3
DE_LU,2026-03-27,35.64619784847512,203.74,56.54,0.2505402940142419,0.19364055976192826,0.44418085377617017,147.20000000000002,3
DE_LU,2026-03-28,45.75901810732973,161.79,4.92,0.33349247800911425,0.1618807979005239,0.49537327590963814,156.87,3
DE_LU,2026-03-29,46.76104656419176,125.0,-2.81,0.3869126390585544,0.1815470172444169,0.5684596563029712,127.81,3
DE_LU,2026-03-30,47.11836369287773,135.99,2.19,0.49840604667289995,0.11664148843480147,0.6150475351077014,133.8,3
DE_LU,2026-03-31,40.1271974831395,203.4,40.07,0.3063363029619162,0.12091883979507663,0.42725514275699283,163.33,3
DE_LU,2026-04-01,37.88764463180067,239.12,80.4,0.061956425035193385,0.2030474688163708,0.2650038938515642,158.72,4
DE_LU,2026-04-02,36.52260402443777,196.93,34.71,0.17777480985008595,0.20123636625455377,0.3790111761046397,162.22,4
DE_LU,2026-04-03,47.51390544199538,156.58,0.0,0.41389147436839324,0.19385673977025408,0.6077482141386473,156.58,4
DE_LU,2026-04-04,48.68654334600534,174.95,-0.62,0.5495572152970981,0.14637967820610417,0.6959368935032023,175.57,4
DE_LU,2026-04-05,40.4316994101532,36.33,-114.53,0.5805215750919136,0.18248241864247597,0.7630039937343897,150.86,4
DE_LU,2026-04-06,75.76655094386852,121.5,-147.05,0.3993436800845591,0.2522943088731742,0.6516379889577334,268.55,4
DE_LU,2026-04-07,68.5936159354083,228.85,-15.07,0.21144992282368302,0.2770030095954326,0.48845293241911564,243.92,4
DE_LU,2026-04-08,66.86529046844727,201.01,-39.93,0.23115542347392173,0.2777388458089347,0.5088942692828565,240.94,4
DE_LU,2026-04-09,52.28344896346597,158.75,-13.34,0.3430367893908202,0.23288260512434686,0.5759193945151672,172.09,4
DE_LU,2026-04-10,45.498665980901755,314.6,77.18,0.26457642925072294,0.1412551472561017,0.4058315765068247,237.42000000000002,4
DE_LU,2026-04-11,61.464001523838064,116.62,-90.31,0.40257366890207374,0.23788503266485284,0.6404587015669265,206.93,4
DE_LU,2026-04-12,47.05346097406818,157.05,0.0,0.23157663145170293,0.1820093336106113,0.4135859650623142,157.05,4
DE_LU,2026-04-13,24.50934509184487,218.0,95.29,0.19468171432272738,0.10641432823604004,0.3010960425587674,122.71,4
DE_LU,2026-04-14,36.54706896937418,293.23,100.87,0.13523628161665904,0.158988878232218,0.29422515984887704,192.36,4
DE_LU,2026-04-15,35.832163273634784,209.65,48.1,0.11634461893622017,0.23394796222969036,0.3502925811659105,161.55,4
DE_LU,2026-04-16,37.12975953408816,205.93,33.91,0.12239545702836935,0.22322553398496672,0.3456209910133361,172.02,4
DE_LU,2026-04-17,40.00321213295186,183.51,20.08,0.09584268889307967,0.27488450085440047,0.37072718974748015,163.43,4
DE_LU,2026-04-18,49.8465369681716,150.43,-5.51,0.1191340608104523,0.25954397169350835,0.37867803250396065,155.94,4
DE_LU,2026-04-19,45.0373003303003,129.68,-4.39,0.3523523816328511,0.17168226849392332,0.5240346501267744,134.07,4
DE_LU,2026-04-20,32.24716470536732,163.93,19.94,0.36518157442160276,0.18118957465836563,0.5463711490799684,143.99,4
DE_LU,2026-04-21,51.13091912706546,154.33,-5.11,0.2667345110493642,0.24360046438421698,0.5103349754335812,159.44000000000003,4
DE_LU,2026-04-22,59.8401704564099,177.51,-28.36,0.2327174091495492,0.29197325321692025,0.5246906623664694,205.87,4
DE_LU,2026-04-23,62.69412460195345,144.91,-56.95,0.3506512429211222,0.2695904332690239,0.620241676190146,201.86,4
DE_LU,2026-04-24,60.63750450956017,170.21,-39.5,0.3542034393255027,0.2503718531743588,0.6045752924998614,209.71,4
DE_LU,2026-04-25,88.26360512486536,97.95,-201.7,0.43595229011591147,0.2724190408301448,0.7083713309460563,299.65,4
DE_LU,2026-04-26,171.15376725789,189.28,-480.01,0.15879014979486394,0.34611962070446106,0.504909770499325,669.29,4
DE_LU,2026-04-27,60.0470867925309,224.33,-1.0,0.12666697776331237,0.3108752745031808,0.4375422522664932,225.33,4
DE_LU,2026-04-28,56.73158383067057,134.29,-35.47,0.3345947426116611,0.27159025778601453,0.6061850003976758,169.76,4
DE_LU,2026-04-29,69.08513796293278,161.19,-70.24,0.30467392786570974,0.28818019541734924,0.592854123283059,231.43,4
DE_LU,2026-04-30,65.82988000972126,188.47,-37.45,0.28761421890899214,0.29644928518065367,0.5840635040896458,225.92000000000002,4
DE_LU,2026-05-01,190.62694490604034,232.99,-499.99,0.28541297041199426,0.3367819090972997,0.6221948795092941,732.98,5
DE_LU,2026-05-02,87.35645697967418,251.09,-147.01,0.29060986200651856,0.3172230067703227,0.6078328687768413,398.1,5
DE_LU,2026-05-03,56.794909758381685,153.0,-15.15,0.2903454962007362,0.2803943876896852,0.5707398838904214,168.15,5
DE_LU,2026-05-04,52.658644684003605,356.27,63.0,0.14226475652349033,0.25150346565216725,0.3937682221756576,293.27,5
DE_LU,2026-05-05,22.23772077393047,185.84,92.33,0.1427110625242213,0.1929688735431251,0.3356799360673464,93.51,5
DE_LU,2026-05-06,20.93436439495151,177.79,83.8,0.2905501208217299,0.16335372516200794,0.45390384598373784,93.99,5
DE_LU,2026-05-07,31.347684206137455,225.27,99.86,0.13374143417553416,0.17917573096230408,0.31291716513783824,125.41000000000001,5
DE_LU,2026-05-08,28.491604616805127,161.08,50.79,0.13998937486125385,0.2621426745747761,0.4021320494360299,110.29000000000002,5
DE_LU,2026-05-09,57.798975620361624,157.52,-0.09,0.12362175905956126,0.32869935059778865,0.4523211096573499,157.61,5
DE_LU,2026-05-10,56.978676826368755,131.29,-3.11,0.19374218564851134,0.31202242832238203,0.5057646139708935,134.4,5
DE_LU,2026-05-11,17.66522670935707,173.57,91.15,0.381679099721219,0.13916075617930126,0.5208398559005203,82.41999999999999,5
DE_LU,2026-05-12,35.04974946915994,153.03,15.13,0.4393916024657745,0.16737507763473466,0.6067666801005092,137.9,5
DE_LU,2026-05-13,29.30200363617304,183.0,64.0,0.32293293823049324,0.18598232265108103,0.5089152608815742,119.0,5
DE_LU,2026-05-14,48.704689517630364,168.17,3.31,0.24484710203557403,0.2385687347607787,0.48341583679635275,164.85999999999999,5
DE_LU,2026-05-15,36.62444724554441,162.67,28.34,0.23109315325809673,0.24836335045281444,0.47945650371091114,134.32999999999998,5
DE_LU,2026-05-16,55.96626734876955,146.07,-2.33,0.32386918274016924,0.23109079823307085,0.5549599809732401,148.4,5
DE_LU,2026-05-17,58.334745337923174,164.37,0.0,0.18722580516668286,0.289652561058301,0.47687836622498386,164.37,5
DE_LU,2026-05-18,40.381326347962066,278.16,87.87,0.14068884076796842,0.2510770907213174,0.3917659314892858,190.29000000000002,5
DE_LU,2026-05-19,33.22620634946447,209.27,69.07,0.15089685142588308,0.26933327403988777,0.4202301254657708,140.20000000000002,5
DE_LU,2026-05-20,39.24242003897504,183.67,18.01,0.29626863321567504,0.18589208863678067,0.48216072185245573,165.66,5
DE_LU,2026-05-21,56.44627681525881,229.48,4.65,0.1603544361279262,0.2709476762072353,0.4313021123351615,224.82999999999998,5
DE_LU,2026-05-22,64.78055355136331,247.68,0.0,0.07289326681816143,0.3395535929638702,0.41244685978203166,247.68,5
DE_LU,2026-05-23,71.70222684818816,190.31,-36.65,0.10390767566150504,0.37303522748604645,0.47694290314755144,226.96,5
DE_LU,2026-05-24,77.12870187474812,163.15,-86.71,0.15559472470542599,0.36773338058365135,0.5233281052890774,249.86,5
DE_LU,2026-05-25,73.09799242659298,185.13,-35.0,0.11724326818709851,0.38093285360285173,0.49817612178995024,220.13,5
DE_LU,2026-05-26,71.19851057657293,272.17,-3.46,0.2100861341993536,0.3297601011743741,0.5398462353737277,275.63,5
DE_LU,2026-05-27,62.99128397518267,171.3,-2.02,0.28523034382794554,0.31432957537320255,0.5995599192011482,173.32000000000002,5
DE_LU,2026-05-28,107.91900193024682,468.31,-0.03,0.0898095658328572,0.3638083374867591,0.4536179033196163,468.34,5
DE_LU,2026-05-29,69.05021019244339,261.18,-0.21,0.201576099449967,0.32464563603584345,0.5262217354858104,261.39,5
DE_LU,2026-05-30,63.02211024703184,176.45,-2.03,0.22734099316510648,0.30001909290351714,0.5273600860686236,178.48,5
DE_LU,2026-05-31,58.703718599151976,162.16,-0.01,0.15899196178173206,0.29554928772848593,0.45454124951021807,162.17,5
DE_LU,2026-06-01,72.41497397485212,422.28,86.0,0.094492909565787,0.3112964870113864,0.40578939657717344,336.28,6
DE_LU,2026-06-02,24.839774847262998,177.62,78.86,0.27222754761927315,0.2555438197431954,0.5277713673624685,98.76,6
DE_LU,2026-06-03,33.2561803989255,154.15,25.89,0.3952553994567971,0.21656637224618006,0.6118217717029771,128.26,6
DE_LU,2026-06-04,42.35997395327774,121.75,-0.08,0.5377963051789331,0.19131913300891915,0.7291154381878523,121.83,6
DE_LU,2026-06-05,46.363376414878566,194.72,16.0,0.27779724748004897,0.25547997525517285,0.5332772227352218,178.72,6
DE_LU,2026-06-06,54.58990866103932,162.35,-0.06,0.1516881397717119,0.3481160589478908,0.4998041987196027,162.41,6
DE_LU,2026-06-07,67.37249491062697,152.12,-50.25,0.3564827762288219,0.2696329499423582,0.6261157261711802,202.37,6
DE_LU,2026-06-08,43.58312774988413,227.3,43.7,0.20763053914648932,0.2872771725045007,0.49490771165099007,183.60000000000002,6
DE_LU,2026-06-09,50.20137865573418,162.52,0.09,0.4165608427461081,0.19781939917512378,0.614380241921232,162.43,6
DE_LU,2026-06-10,39.909191229106646,239.68,64.0,0.23935226518755437,0.23284126827119356,0.4721935334587479,175.68,6
DE_LU,2026-06-11,37.935924572335054,187.41,30.03,0.20975315928986582,0.2724282983995636,0.48218145768942944,157.38,6
DE_LU,2026-06-12,20.76852412817818,134.49,51.26,0.4512023636968298,0.13775985248852216,0.5889622161853519,83.23000000000002,6
DE_LU,2026-06-13,45.618288089817824,110.49,-52.99,0.5110073860136404,0.23758845129518916,0.7485958373088296,163.48,6
DE_LU,2026-06-14,47.24422679839843,120.05,-29.96,0.5289284683750692,0.2200583406547687,0.748986809029838,150.01,6
DE_LU,2026-06-15,55.90521850219807,172.17,-3.0,0.43243152959148995,0.20874332965978984,0.6411748592512797,175.17,6
DE_LU,2026-06-16,36.99084245360777,195.87,40.67,0.16751112529842907,0.268413423582441,0.43592454888087007,155.2,6
DE_LU,2026-06-17,31.189052304827186,174.87,55.71,0.12312416398719521,0.2983979967722916,0.42152216075948684,119.16,6
DE_LU,2026-06-18,114.8936927948401,544.75,11.01,0.08954508717705817,0.32770651896444575,0.4172516061415039,533.74,6
DE_LU,2026-06-19,53.24392772230695,212.62,9.63,0.18820929491543525,0.3240815874869712,0.5122908824024065,202.99,6
DE_LU,2026-06-20,63.41272220436859,194.17,-0.02,0.17620691671355915,0.33578711628460106,0.5119940329981602,194.19,6
DE_LU,2026-06-21,59.28107053274908,154.44,-0.01,0.14300532335799807,0.33821493196888214,0.4812202553268803,154.45,6
DE_LU,2026-06-22,62.03100012689962,308.06,29.71,0.13465138052209422,0.32203134063353356,0.45668272115562775,278.35,6
DE_LU,2026-06-23,135.6853521793774,615.02,57.33,0.046718309605470104,0.3169944753957116,0.36371278500118165,557.6899999999999,6
DE_LU,2026-06-24,177.94958208689704,747.1,64.25,0.0449784985048245,0.32904301235013983,0.3740215108549643,682.85,6
DE_LU,2026-06-25,67.67973926585636,363.0,23.39,0.11046484473985141,0.3312297448235288,0.4416945895633802,339.61,6
DE_LU,2026-06-26,79.94089743750713,406.17,28.54,0.16852057722473188,0.32287975466498753,0.4914003318897194,377.63,6
DE_LU,2026-06-27,65.63497039113838,252.34,-0.01,0.15365370259116712,0.347856273769707,0.5015099763608741,252.35,6
DE_LU,2026-06-28,58.88391039140026,166.72,-0.92,0.23996278245863775,0.31729137961060166,0.5572541620692394,167.64,6
DE_LU,2026-06-29,60.72672048646845,341.8,77.26,0.13276889138255074,0.25606111338449117,0.3888300047670419,264.54,6
DE_LU,2026-06-30,113.8660522295863,536.72,91.35,0.09397809305043285,0.2751317412429773,0.3691098342934101,445.37,6
DE_LU,2026-07-01,43.76740812111621,288.28,90.39,0.11645615907188726,0.23298420943530065,0.3494403685071879,197.89,7
DE_LU,2026-07-02,54.11139193616938,135.9,-4.29,0.37651200370533267,0.23561113345876747,0.6121231371641,140.19,7
DE_LU,2026-07-03,54.98828257390506,142.19,-5.95,0.4226165847224063,0.24325477950582794,0.6658713642282342,148.14,7
DE_LU,2026-07-04,56.761649614627004,137.48,-11.8,0.3658542140667485,0.2887035590597972,0.6545577731265457,149.28,7
DE_LU,2026-07-05,58.002753566574974,149.55,-1.31,0.45598181186562936,0.21248978868662294,0.6684716005522523,150.86,7
DE_LU,2026-07-06,46.59520876927363,155.93,1.03,0.46754255000000006,0.17522259938680254,0.6427651493868026,154.9,7
DE_LU,2026-07-07,50.75258609779441,128.69,-3.65,0.5297368921767508,0.16799128076359363,0.6977281729403444,132.34,7
DE_LU,2026-07-08,47.45714466469594,169.11,4.62,0.357861387272646,0.21753721086464559,0.5753985981372916,164.49,7
DE_LU,2026-07-09,48.08823330094981,234.91,25.07,0.18538761326004008,0.2828439086052966,0.46823152186533673,209.84,7
DE_LU,2026-07-10,43.00164233501751,194.59,30.0,0.12101684724939732,0.3286280382611637,0.44964488551056103,164.59,7
DE_LU,2026-07-11,63.02234941493779,160.01,-1.01,0.14706750004810734,0.36050478804751623,0.5075722880956236,161.01999999999998,7
DE_LU,2026-07-12,63.95751145548854,149.7,-11.83,0.24523443258604408,0.335455506547671,0.580689939133715,161.53,7
DE_LU,2026-07-13,42.242071800386825,194.93,22.85,0.19970275306682447,0.31541752534855183,0.5151202784153762,172.08,7
DE_LU,2026-07-14,37.29910809793332,185.5,45.01,0.23100512465486378,0.2720110411562413,0.5030161658111051,140.49,7
DE_LU,2026-07-15,42.672158172035424,221.06,58.98,0.18126004418830913,0.27915383239905833,0.4604138765873675,162.08,7
DE_LU,2026-07-16,55.69557907390133,339.65,81.99,0.09325677195690311,0.2820584144388926,0.37531518639579575,257.65999999999997,7
DE_LU,2026-07-17,23.57159655624809,176.95,97.68,0.17724586579098847,0.25366606454642504,0.43091193033741354,79.26999999999998,7
DE_LU,2026-07-18,63.697442821995644,153.58,-4.87,0.3919961324775554,0.23054030694766262,0.622536439425218,158.45000000000002,7
DE_LU,2026-07-19,63.51602489847353,167.33,-5.69,0.39490256437849375,0.2383472195551002,0.6332497839335939,173.02,7
DE_LU,2026-07-20,64.28793689050973,194.77,0.0,0.338487864548245,0.23757391311596276,0.5760617776642077,194.77,7
DE_LU,2026-07-21,58.99896395016596,177.29,0.0,0.19982695992643204,0.2991955296374121,0.49902248956384404,177.29,7
DE_LU,2026-07-22,59.468153172185595,167.24,0.01,0.3861600737418278,0.20448174655971044,0.5906418203015382,167.23000000000002,7
DE_LU,2026-07-23,62.99592458614065,197.5,0.0,0.2974735427797341,0.23519258085601125,0.5326661236357453,197.5,7
DE_LU,2026-07-24,61.04406279016678,211.97,3.23,0.11377784879898388,0.318151841471131,0.4319296902701149,208.74,7
DE_LU,2026-07-25,75.35915180659065,176.87,-15.01,0.19226193155885074,0.3221436926427043,0.514405624201555,191.88,7
DE_LU,2026-07-26,62.14570142215947,156.83,-0.89,0.386319238556095,0.23173904449308183,0.6180582830491769,157.72,7
DE_LU,2026-07-27,66.58968146244385,187.05,-1.0,0.413532104953477,0.20050011398039144,0.6140322189338684,188.05,7
DE_LU,2026-07-28,74.45970314914778,238.29,-0.19,0.1819816127146537,0.31020452293599504,0.4921861356506487,238.48,7
DE_LU,2026-07-29,76.76368044256161,352.36,-0.1,0.1620522445286125,0.31322797366308647,0.475280218191699,352.46000000000004,7
DE_LU,2026-07-30,60.08872582965243,221.71,1.38,0.2282111326507934,0.25339939266308253,0.4816105253138759,220.33,7
DE_LU,2026-07-31,35.70132192362486,204.05,80.4,0.09665964206669174,0.2640429352182205,0.3607025772849122,123.65,7
DE_LU,2026-08-01,62.94237862674862,190.2,0.0,0.14206661501561857,0.28343786439340896,0.4255044794090275,190.2,8
DE_LU,2026-08-02,72.41647818250662,192.93,-4.77,0.17631718572900545,0.34456933027103614,0.5208865160000415,197.70000000000002,8
DE_LU,2026-08-03,54.41673263691224,246.99,10.09,0.28587684847919065,0.2773643016364111,0.5632411501156018,236.9,8
DE_LU,2026-08-04,43.50371894114946,303.57,70.98,0.2052185978030907,0.2838198617600648,0.48903845956315545,232.58999999999997,8
DE_LU,2026-08-05,71.85257217679167,225.86,-0.91,0.2858347687827647,0.25637169369372076,0.5422064624764854,226.77,8
DE_LU,2026-08-06,67.9913852047552,172.22,-1.84,0.35824623699702873,0.23002728160692756,0.5882735186039563,174.06,8
DE_LU,2026-08-07,53.78188574876288,211.2,7.68,0.1923210335450041,0.2851934329639723,0.4775144665089764,203.51999999999998,8
DE_LU,2026-08-08,73.63921765024632,191.72,-18.49,0.13642015292692347,0.35240897465332727,0.48882912758025077,210.21,8
DE_LU,2026-08-09,70.34000161737912,187.66,-5.3,0.23045640630198908,0.31128910272746196,0.5417455090294511,192.96,8
DE_LU,2026-08-10,56.381254981504945,199.51,3.66,0.30974702809380855,0.2438575712528449,0.5536045993466535,195.85,8
DE_LU,2026-08-11,67.044681941722,204.96,-0.18,0.2351346361945734,0.29554977098784685,0.5306844071824203,205.14000000000001,8
DE_LU,2026-08-12,82.0495214996551,461.17,0.0,0.15100714718218264,0.3194296433530977,0.47043679053528037,461.17,8
DE_LU,2026-08-13,92.06494408976847,487.38,-0.01,0.21863244568910592,0.3091548022772834,0.5277872479663893,487.39,8
DE_LU,2026-08-14,68.04749298525954,303.49,0.01,0.2001806890855009,0.3093108757425695,0.5094915648280703,303.48,8
DE_LU,2026-08-15,66.8967987760271,199.1,0.58,0.21142752428593473,0.2797593051248516,0.49118682941078634,198.51999999999998,8
DE_LU,2026-08-16,55.89865979900197,215.04,22.89,0.13274462948994553,0.28403856610158523,0.4167831955915307,192.14999999999998,8
DE_LU,2026-08-17,24.930552111526264,219.14,135.4,0.18549479622119933,0.16703685194466109,0.3525316481658604,83.73999999999998,8
DE_LU,2026-08-18,24.18636817357314,208.53,128.73,0.23008996576184507,0.13622878836660382,0.3663187541284489,79.80000000000001,8
DE_LU,2026-08-19,27.483646342958643,221.78,123.8,0.28762286282698757,0.16663049910881433,0.45425336193580196,97.98,8
DE_LU,2026-08-20,41.07587371215744,202.81,52.69,0.2463446080958763,0.21858236003632237,0.46492696813219864,150.12,8
DE_LU,2026-08-21,23.88041331828644,211.88,132.72,0.1882814488291893,0.2002851276422849,0.38856657647147413,79.16,8
DE_LU,2026-08-22,65.32084510121436,183.13,-0.14,0.39157855883126547,0.21241564863323226,0.6039942074644977,183.26999999999998,8
DE_LU,2026-08-23,73.64405672116982,189.05,-6.21,0.3542748400482278,0.25028076167972957,0.6045556017279573,195.26000000000002,8
DE_LU,2026-08-24,55.94356273731072,249.92,20.13,0.18477524856017824,0.2705442376910187,0.45531948625119695,229.79,8
DE_LU,2026-08-25,43.54563039290843,219.86,56.63,0.31033171458883396,0.18609764344460836,0.4964293580334423,163.23000000000002,8
DE_LU,2026-08-26,36.00437076537412,226.09,81.08,0.3246567374650789,0.20017512361563047,0.5248318610807093,145.01,8
DE_LU,2026-08-27,57.3319508780249,212.09,0.06,0.3985366700421518,0.20983085556923378,0.6083675256113856,212.03,8
DE_LU,2026-08-28,25.367805273121277,193.95,92.07,0.40305517986579825,0.13680776456483215,0.5398629444306304,101.88,8
DE_LU,2026-08-29,69.51374680877689,217.5,-2.02,0.4717649989000878,0.2060761677487066,0.6778411666487943,219.52,8
DE_LU,2026-08-30,76.50583140076557,212.27,-1.19,0.4207172790571863,0.18423348049960794,0.6049507595567942,213.46,8
DE_LU,2026-08-31,73.25879450678751,207.61,-1.09,0.4416589687304106,0.17705825961568233,0.6187172283460929,208.70000000000002,8
DE_LU,2026-09-01,60.08130086681449,236.92,22.07,0.35567328302691587,0.19193184239002922,0.5476051254169451,214.85,9
DE_LU,2026-09-02,42.775302783798196,251.31,86.61,0.23068574755013957,0.21802284189011048,0.44870858944025005,164.7,9
DE_LU,2026-09-03,56.929512168808444,217.56,14.45,0.4854666070352398,0.13641751629769114,0.621884123332931,203.11,9
DE_LU,2026-09-04,58.50180394542053,173.2,-0.15,0.5622117551967726,0.14123038959597928,0.7034421447927518,173.35,9
DE_LU,2026-09-05,50.390760716762706,137.91,-19.0,0.5091261062662701,0.18805208588506309,0.6971781921513331,156.91,9
DE_LU,2026-09-06,80.68269626921088,240.47,-1.81,0.2766129797103318,0.30070164187702747,0.5773146215873594,242.28,9
DE_LU,2026-09-07,59.58652576838937,253.66,24.63,0.31160460993275274,0.21016900175649575,0.5217736116892485,229.03,9
DE_LU,2026-09-08,76.56168215689218,271.63,0.01,0.3071056750695293,0.2011215742189484,0.5082272492884777,271.62,9
DE_LU,2026-09-09,45.08152422631673,220.07,56.34,0.41351697777586516,0.13947871867722308,0.5529956964530882,163.73,9
DE_LU,2026-09-10,96.99205027781552,585.1,62.38,0.16572368122563066,0.20870555877861174,0.3744292400042424,522.72,9
DE_LU,2026-09-11,45.79095305276209,326.46,121.92,0.1509294120073453,0.1973097562084051,0.3482391682157504,204.53999999999996,9
DE_LU,2026-09-12,78.39310722922411,211.17,-0.48,0.1769808107088551,0.22751171927688493,0.40449252998574003,211.64999999999998,9
DE_LU,2026-09-13,44.88037313663704,239.96,92.83,0.2830761508629963,0.12912063594719295,0.41219678681018923,147.13,9
DE_LU,2026-09-14,130.7521144530229,740.01,152.0,0.08577708198810752,0.19621828486181495,0.2819953668499225,588.01,9
DE_LU,2026-09-15,73.3594020630053,312.4,26.39,0.21940198059976088,0.2156536140408124,0.43505559464057325,286.01,9
DE_LU,2026-09-16,45.819092545690225,269.18,90.4,0.26349311208564363,0.1516608736359953,0.4151539857216389,178.78,9
DE_LU,2026-09-17,73.00602876691617,232.7,0.1,0.3896000371483039,0.17063323144117892,0.5602332685894827,232.6,9
DE_LU,2026-09-18,71.94583558219763,221.78,0.0,0.40680715792391126,0.15686479504007897,0.5636719529639903,221.78,9
DE_LU,2026-09-19,38.791318567652546,134.25,-1.94,0.5547999848402764,0.16515501061250532,0.7199549954527816,136.19,9
DE_LU,2026-09-20,31.04598898790055,102.24,-2.02,0.5982282935943589,0.13205079511670462,0.7302790887110636,104.25999999999999,9
DE_LU,2026-09-21,89.83663358088909,275.9,0.0,0.4147813044597048,0.1525030274446856,0.5672843319043904,275.9,9
DE_LU,2026-09-22,112.77048299994846,647.5,112.14,0.08564414974472286,0.21575057396324815,0.301394723707971,535.36,9
DE_LU,2026-09-23,74.23200319545532,385.35,41.99,0.15201043033732137,0.23446776631735797,0.38647819665467936,343.36,9
DE_LU,2026-09-24,72.18205279075761,288.23,8.86,0.3448304260561586,0.11585603341935198,0.4606864594755106,279.37,9
DE_LU,2026-09-25,71.83705057066989,315.78,19.17,0.11719665217697801,0.22578097823917787,0.34297763041615587,296.60999999999996,9
DE_LU,2026-09-26,70.20740584896772,251.08,2.42,0.11747529441663394,0.25185201798818996,0.3693273124048239,248.66000000000003,9
DE_LU,2026-09-27,75.51995949834442,201.28,-2.99,0.35159227836045875,0.22280527251129656,0.5743975508717553,204.27,9
DE_LU,2026-09-28,58.01305371696945,390.6,114.49,0.1751657302861802,0.20024782124498275,0.37541355153116296,276.11,9
DE_LU,2026-09-29,49.44180317610621,244.45,63.94,0.3345071367118937,0.18143798436009018,0.5159451210719839,180.51,9
DE_LU,2026-09-30,64.55483115218966,255.37,13.33,0.3578626613789813,0.18388301388360162,0.541745675262583,242.04,9
DE_LU,2026-10-01,44.567727183152705,314.78,147.09,0.24422214222511662,0.13154750323001727,0.37576964545513386,167.68999999999997,10
DE_LU,2026-10-02,48.97006562541504,328.58,134.72,0.07811920471101404,0.14779206504726128,0.22591126975827533,193.85999999999999,10
DE_LU,2026-10-03,48.76295127963442,243.06,52.77,0.08460080935716945,0.19175076681839368,0.2763515761755631,190.29,10
DE_LU,2026-10-04,53.68643890961714,244.9,42.33,0.07608571820924641,0.22200287174968733,0.2980885899589338,202.57,10
DE_LU,2026-10-05,67.8311360167503,261.43,5.03,0.25841524306210534,0.19949213107396038,0.45790737413606575,256.40000000000003,10
SE_4,2025-12-01,4.078205283373232,40.43,30.91,0.8573965144883587,3.195753089141049e-05,0.8574284720192501,9.52,12
SE_4,2025-12-02,26.004822467534407,96.77,23.26,0.7534807162817717,0.0033562566602160873,0.7568369729419877,73.50999999999999,12
SE_4,2025-12-03,25.931082385300577,207.58,74.29,0.3379855226979638,0.001835620161595078,0.33982114285955894,133.29000000000002,12
SE_4,2025-12-04,29.101020722550242,154.77,71.92,0.36721214703206634,0.0037989077546521743,0.3710110547867185,82.85000000000001,12
SE_4,2025-12-05,43.52699980743955,191.93,57.99,0.29509804648063326,0.0012642889005636628,0.29636233538119694,133.94,12
SE_4,2025-12-06,6.508856698019312,60.24,28.93,0.5117161372561969,0.0029847030396008526,0.5147008402957978,31.310000000000002,12
SE_4,2025-12-07,24.48200410483249,85.07,8.53,0.5122260865635248,0.0018261072917958576,0.5140521938553206,76.53999999999999,12
SE_4,2025-12-08,20.8862410473431,70.02,6.88,0.7934467122399348,0.0016837956295627414,0.7951305078694976,63.13999999999999,12
SE_4,2025-12-09,28.285127996502133,117.71,19.99,0.6609974664531859,0.002761654251571259,0.6637591207047572,97.72,12
SE_4,2025-12-10,11.178973966664756,53.89,10.43,0.7899650004352031,0.002607483456481556,0.7925724838916848,43.46,12
SE_4,2025-12-11,13.708596505365884,65.41,18.47,0.8160948969825453,0.000886359951927871,0.8169812569344733,46.94,12
SE_4,2025-12-12,31.728739564864522,163.05,40.1,0.3983282860314829,0.004224507751763715,0.40255279378324665,122.95000000000002,12
SE_4,2025-12-13,9.82326783925119,83.06,38.59,0.5609588520683358,0.001107872494357198,0.562066724562693,44.47,12
SE_4,2025-12-14,3.8977503576905974,41.98,22.8,0.8410376500834998,0.0017337189935010345,0.8427713690770009,19.179999999999996,12
SE_4,2025-12-15,22.720997259809334,81.11,18.58,0.7709796135838064,0.0014893148190766184,0.7724689284028831,62.53,12
SE_4,2025-12-16,27.543330776291256,171.59,60.34,0.5628472084379459,0.007986925639419494,0.5708341340773654,111.25,12
SE_4,2025-12-17,21.51080079581402,146.23,70.27,0.4727666418451699,0.004990796586391323,0.4777574384315612,75.96,12
SE_4,2025-12-18,21.083944136495834,85.96,6.04,0.6718782617451083,0.0024359624467257435,0.6743142241918342,79.91999999999999,12
SE_4,2025-12-19,14.540602486069648,69.8,-2.57,0.8096092306379998,0.0009096497235541568,0.810518880361554,72.36999999999999,12
SE_4,2025-12-20,26.650309714593785,81.26,-6.23,0.7477875173571453,0.003591065136362258,0.7513785824935076,87.49000000000001,12
SE_4,2025-12-21,26.336964410161347,86.86,13.72,0.42673306400608263,0.008046327830653567,0.4347793918367362,73.14,12
SE_4,2025-12-22,8.474456091199402,101.26,59.94,0.3585349965296807,0.005628344566613024,0.3641633410962937,41.32000000000001,12
SE_4,2025-12-23,15.813034205316475,86.49,36.96,0.5633836260551334,0.004824707009360553,0.5682083330644939,49.529999999999994,12
SE_4,2025-12-24,11.251052065816753,91.28,52.91,0.2690378554322202,0.015775374376307934,0.28481322980852813,38.370000000000005,12
SE_4,2025-12-25,18.78482096142072,60.64,0.0,0.6025969300657511,0.007582850843427476,0.6101797809091786,60.64,12
SE_4,2025-12-26,38.0912482245571,92.87,0.12,0.5595259829545274,0.007958044275706467,0.5674840272302338,92.75,12
SE_4,2025-12-27,1.4602196422144071,2.9,-3.58,0.8349478231469041,0.006341046418944084,0.8412888695658483,6.48,12
SE_4,2025-12-28,22.697145094210235,70.2,-0.4,0.7741336607301178,0.012384986720419232,0.7865186474505371,70.60000000000001,12
SE_4,2025-12-29,25.615625617550485,70.94,2.5,0.7712481326333805,0.007590950346254233,0.7788390829796348,68.44,12
SE_4,2025-12-30,34.28806362239904,99.56,1.46,0.7818930096591733,0.00778392727803592,0.7896769369372092,98.10000000000001,12
SE_4,2025-12-31,19.122700462603508,121.13,33.7,0.49884053413699303,0.012097399479623641,0.5109379336166168,87.42999999999999,12
SE_4,2026-01-01,9.787101707071473,38.66,2.52,0.8629133698126598,0.001748100787772806,0.8646614706004324,36.13999999999999,1
SE_4,2026-01-02,27.597044094669954,93.25,6.81,0.6797601606277951,0.006636927126512618,0.6863970877543077,86.44,1
SE_4,2026-01-03,20.515429300285177,110.09,39.08,0.7550509377018506,0.0035035853734901377,0.7585545230753407,71.01,1
SE_4,2026-01-04,13.15196002336307,123.5,79.97,0.6730452780188022,0.001948086215972421,0.6749933642347746,43.53,1
SE_4,2026-01-05,45.598029845361836,250.58,83.14,0.25657071440966156,0.00483930888902118,0.26141002329868274,167.44,1
SE_4,2026-01-06,25.422265954708465,189.41,78.06,0.16351218796683153,0.00453136513155013,0.16804355309838168,111.35,1
SE_4,2026-01-07,18.1346741429762,130.71,58.76,0.6600134243196678,0.002517647272699487,0.6625310715923672,71.95000000000002,1
SE_4,2026-01-08,56.108024334544844,238.74,57.14,0.6153992206692852,0.0027576569954387152,0.6181568776647238,181.60000000000002,1
SE_4,2026-01-09,13.735170739826753,98.93,45.62,0.8177104087425201,0.0026588643638416035,0.8203692731063618,53.31000000000001,1
SE_4,2026-01-10,22.691701549235155,139.12,60.06,0.8071223302279155,0.004169914046691574,0.8112922442746071,79.06,1
SE_4,2026-01-11,12.229129267105622,123.73,77.83,0.7810812708569116,0.006037827366845036,0.7871190982237567,45.900000000000006,1
SE_4,2026-01-12,68.12862426477234,331.16,74.7,0.5569910453111245,0.0035105772938650442,0.5605016226049896,256.46000000000004,1
SE_4,2026-01-13,21.927708984406568,149.46,50.99,0.6977832819032234,0.0013687105908149338,0.6991519924940383,98.47,1
SE_4,2026-01-14,42.55834387648058,195.37,31.1,0.6970950362096868,0.002743236321902395,0.6998382725315891,164.27,1
SE_4,2026-01-15,16.403179783401114,136.74,49.96,0.6282593472087475,0.004127750287548822,0.6323870974962964,86.78,1
SE_4,2026-01-16,18.419809580694228,116.05,46.96,0.7201188393575988,0.002355293824426182,0.722474133182025,69.09,1
SE_4,2026-01-17,24.055375668499384,144.6,40.0,0.4162530123517678,0.004511341198459113,0.42076435355022695,104.6,1
SE_4,2026-01-18,13.673064386810927,139.3,68.22,0.5031308196343224,0.010221700561270124,0.5133525201955925,71.08000000000001,1
SE_4,2026-01-19,36.695527031395024,218.21,88.79,0.4761854464841375,0.018776558537534505,0.49496200502167204,129.42000000000002,1
SE_4,2026-01-20,60.04157674354395,352.16,95.51,0.18296787379519164,0.026628124442148918,0.20959599823734054,256.65000000000003,1
SE_4,2026-01-21,19.82759848653944,157.89,82.13,0.4956896197757959,0.006005974490812517,0.5016955942666085,75.75999999999999,1
SE_4,2026-01-22,13.245699758988316,134.47,80.33,0.7977746301667662,0.001869283640597437,0.7996439138073637,54.14,1
SE_4,2026-01-23,15.656852812746243,157.92,87.28,0.7893305738129484,0.0026300137957663973,0.7919605876087147,70.63999999999999,1
SE_4,2026-01-24,14.094235028997907,143.06,91.27,0.7247535917279793,0.0024268370601794377,0.7271804287881586,51.790000000000006,1
SE_4,2026-01-25,12.08915934382332,135.02,90.23,0.6439653471947198,0.0037770707395802503,0.6477424179343,44.790000000000006,1
SE_4,2026-01-26,33.21562203531619,200.01,93.36,0.6615284887743408,0.0018541761252842334,0.6633826648996249,106.64999999999999,1
SE_4,2026-01-27,35.40343589976504,216.7,99.9,0.667006565020016,0.0021772889546334303,0.6691838539746495,116.79999999999998,1
SE_4,2026-01-28,27.610478133548465,188.33,99.91,0.7104973165855979,0.003109629310610465,0.7136069458962084,88.42000000000002,1
SE_4,2026-01-29,24.802090740252517,172.61,97.42,0.6918055960847869,0.003246987556631529,0.6950525836414184,75.19000000000001,1
SE_4,2026-01-30,17.126558169284255,163.93,72.63,0.823234547252194,0.001792176348933031,0.8250267236011269,91.30000000000001,1
SE_4,2026-01-31,15.812673896138309,120.53,63.73,0.8372754523144331,0.006863037517762182,0.8441384898321954,56.800000000000004,1
SE_4,2026-02-01,18.49329112944058,127.75,63.62,0.7995688384962528,0.00892657520686225,0.8084954137031152,64.13,2
SE_4,2026-02-02,17.319908998585937,158.52,73.3,0.7513582696925766,0.009049826612169591,0.7604080963047463,85.22000000000001,2
SE_4,2026-02-03,22.591545734483187,199.01,89.93,0.8199781979307437,0.014519012827714716,0.8344972107584584,109.07999999999998,2
SE_4,2026-02-04,13.65929740196585,137.76,79.21,0.8415589166049576,0.0033062769753790387,0.8448651935803366,58.55,2
SE_4,2026-02-05,16.849149470959553,151.41,86.33,0.8256357752100866,0.002445397385533791,0.8280811725956204,65.08,2
SE_4,2026-02-06,16.457546767791207,148.12,96.1,0.8211540427815535,0.0012174688720906785,0.8223715116536442,52.02000000000001,2
SE_4,2026-02-07,10.313927012909849,134.9,91.23,0.8157562713712779,0.0028169391455379745,0.8185732105168161,43.67,2
SE_4,2026-02-08,11.108121382929465,134.2,89.92,0.7623939946449477,0.007039658367393003,0.7694336530123408,44.27999999999999,2
SE_4,2026-02-09,41.10341974450523,251.19,95.79,0.286769099051154,0.006936080689154578,0.2937051797403086,155.39999999999998,2
SE_4,2026-02-10,76.89997264617494,348.84,102.63,0.17956242380652998,0.005416662587419035,0.184979086393949,246.20999999999998,2
SE_4,2026-02-11,21.532855116373206,165.7,97.93,0.5215442682056003,0.0052963907291515054,0.5268406589347517,67.76999999999998,2
SE_4,2026-02-12,26.053626526157043,194.07,93.08,0.6972008709098786,0.0028443087280573816,0.700045179637936,100.99,2
SE_4,2026-02-13,33.00219768183841,200.09,94.3,0.5982115209734647,0.01100993408028035,0.6092214550537451,105.79,2
SE_4,2026-02-14,15.484361864715519,159.23,99.21,0.44581270273786705,0.05462684110731811,0.5004395438451851,60.019999999999996,2
SE_4,2026-02-15,14.976343186912922,105.11,35.94,0.46795621102245827,0.07566379587295584,0.5436200068954141,69.17,2
SE_4,2026-02-16,17.789212302463117,113.42,48.85,0.8143339693892471,0.013191203950212125,0.8275251733394592,64.57,2
SE_4,2026-02-17,27.75148630897913,151.45,47.97,0.6606506417328444,0.017335130043516358,0.6779857717763608,103.47999999999999,2
SE_4,2026-02-18,34.55047013669518,209.82,85.81,0.2966609425515791,0.04840893981656863,0.34506988236814773,124.00999999999999,2
SE_4,2026-02-19,100.07949161851599,492.62,90.86,0.2410291431138889,0.036085259771458794,0.2771144028853477,401.76,2
SE_4,2026-02-20,25.965751389461037,137.21,10.64,0.7028310676574877,0.029346098499597646,0.7321771661570854,126.57000000000001,2
SE_4,2026-02-21,21.325510859299193,99.21,16.4,0.7488498986513189,0.013797712114597011,0.7626476107659159,82.81,2
SE_4,2026-02-22,18.46570077880049,94.96,32.92,0.5346004652660215,0.01834230928738224,0.5529427745534037,62.03999999999999,2
SE_4,2026-02-23,18.01860143992528,113.67,52.34,0.3873275724912604,0.009614780105221472,0.39694235259648186,61.33,2
SE_4,2026-02-24,31.330509282962907,242.37,86.28,0.28377566455639364,0.022414158078409904,0.3061898226348035,156.09,2
SE_4,2026-02-25,20.926741314915795,153.4,59.1,0.6056903822445412,0.012076832344910811,0.617767214589452,94.30000000000001,2
SE_4,2026-02-26,18.240649658280823,105.63,45.5,0.8044402897472963,0.0151681280792766,0.819608417826573,60.129999999999995,2
SE_4,2026-02-27,18.302959951397376,113.42,49.24,0.8073625498856009,0.009617665255334607,0.8169802151409354,64.18,2
SE_4,2026-02-28,13.10854359767678,105.38,45.09,0.529205438368208,0.015257978329691209,0.5444634166978992,60.28999999999999,2
SE_4,2026-03-01,26.003213909829515,95.87,10.11,0.8081673785152869,0.02206965432620904,0.830237032841496,85.76,3
SE_4,2026-03-02,38.205370928654155,285.45,51.98,0.3676450510783518,0.028177577093415104,0.39582262817176694,233.47,3
SE_4,2026-03-03,29.289517740357546,156.57,13.16,0.7254947633166288,0.05333431127137309,0.7788290745880019,143.41,3
SE_4,2026-03-04,36.249586128157645,158.68,23.18,0.6764225647508494,0.0657119283606977,0.7421344931115472,135.5,3
SE_4,2026-03-05,39.49085556029107,227.22,59.53,0.44622973269494376,0.1209878098446532,0.567217542539597,167.69,3
SE_4,2026-03-06,45.84957997425702,248.33,45.34,0.3723728991673268,0.12872755091480242,0.5011004500821292,202.99,3
SE_4,2026-03-07,39.58250312208777,212.17,36.97,0.20813891210831084,0.10905979691096894,0.31719870901927977,175.2,3
SE_4,2026-03-08,42.593910234667895,175.73,24.9,0.4884400440852659,0.1130799058541625,0.6015199499394285,150.82999999999998,3
SE_4,2026-03-09,39.761829500405256,249.05,65.34,0.48750946164572073,0.1322649503568694,0.6197744120025901,183.71,3
SE_4,2026-03-10,30.962161559249257,200.06,53.48,0.4110538506634449,0.11533215526315942,0.5263860059266043,146.58,3
SE_4,2026-03-11,18.44353124368655,89.9,23.65,0.6852241716809359,0.031627220507083,0.7168513921880187,66.25,3
SE_4,2026-03-12,26.35784389205911,72.83,-0.06,0.7511995056084193,0.07132457746390994,0.8225240830723292,72.89,3
SE_4,2026-03-13,31.70010860000629,73.06,-1.14,0.7570410100466839,0.02136850929459266,0.7784095193412766,74.2,3
SE_4,2026-03-14,10.594694856948086,93.95,53.54,0.2701090422264576,0.04145788460547567,0.31156692683193327,40.410000000000004,3
SE_4,2026-03-15,19.155135511926385,114.36,12.18,0.42398025177509013,0.09846662744667341,0.5224468792217636,102.18,3
SE_4,2026-03-16,54.80883381505819,186.39,10.8,0.591196011158229,0.04613268677390058,0.6373286979321295,175.58999999999997,3
SE_4,2026-03-17,44.80665924316268,209.85,27.5,0.3263614033641073,0.14378695275627543,0.47014835612038275,182.35,3
SE_4,2026-03-18,58.84534644651255,187.97,2.44,0.5517114720882677,0.1219222657749115,0.6736337378631791,185.53,3
SE_4,2026-03-19,61.124691237246225,241.12,14.19,0.5018666792604959,0.07043164026622899,0.5722983195267249,226.93,3
SE_4,2026-03-20,47.63760872692181,240.12,26.12,0.22490051035316938,0.18925968672417356,0.4141601970773429,214.0,3
SE_4,2026-03-21,39.22220254468303,148.94,5.31,0.38743042992547466,0.16212504102066727,0.549555470946142,143.63,3
SE_4,2026-03-22,32.99236421759839,163.29,-2.85,0.5625949803086374,0.15650344799325142,0.7190984283018889,166.14,3
SE_4,2026-03-23,79.95777904921106,303.03,4.44,0.5913655777712071,0.10279599871557088,0.694161576486778,298.59,3
SE_4,2026-03-24,41.856165010366176,134.33,0.08,0.7511048608130436,0.027834772678720976,0.7789396334917645,134.25,3
SE_4,2026-03-25,19.63562074662432,78.93,0.12,0.8645597620208667,0.019384362541287184,0.8839441245621539,78.81,3
SE_4,2026-03-26,52.37396051432563,163.13,3.02,0.7281816255869625,0.04425099859009304,0.7724326241770556,160.10999999999999,3
SE_4,2026-03-27,45.11284718005269,202.98,31.84,0.40992967443536305,0.16785860910540526,0.5777882835407683,171.14,3
SE_4,2026-03-28,52.141825112299884,157.23,5.47,0.5982498716452821,0.02881906021307878,0.6270689318583609,151.76,3
SE_4,2026-03-29,40.90356466900628,121.3,1.07,0.5694780555759963,0.1109315610151664,0.6804096165911627,120.23,3
SE_4,2026-03-30,43.935571633084244,132.22,2.38,0.6422846934820706,0.06000793794422402,0.7022926314262946,129.84,3
SE_4,2026-03-31,40.80450557337657,206.73,40.18,0.31289864886272845,0.14530024164816055,0.4581988905108891,166.54999999999998,3
SE_4,2026-04-01,56.16211198035825,234.25,11.98,0.3382222069996668,0.1875723625071454,0.5257945695068122,222.27,4
SE_4,2026-04-02,26.017667246246408,129.9,33.81,0.49966291484895214,0.11906678408182257,0.6187296989307747,96.09,4
SE_4,2026-04-03,24.722063985826473,94.77,9.15,0.6489891690568769,0.055740927358548714,0.7047300964154256,85.61999999999999,4
SE_4,2026-04-04,11.37175414071383,42.9,0.55,0.8007901231549268,0.06067901146276744,0.8614691346176944,42.35,4
SE_4,2026-04-05,3.718666138668164,6.51,-5.57,0.823171491671124,0.06138175403508885,0.8845532457062127,12.08,4
SE_4,2026-04-06,5.60193180573812,20.7,-3.1,0.8317391991137449,0.0654601003956835,0.8971992995094284,23.8,4
SE_4,2026-04-07,32.883757638800475,128.01,-2.0,0.6497418422714646,0.1267012870960259,0.7764431293674905,130.01,4
SE_4,2026-04-08,47.964189541887265,196.15,23.2,0.4240173674003514,0.19440543542104327,0.6184228028213947,172.95000000000002,4
SE_4,2026-04-09,45.45163884764118,159.0,4.66,0.39731127813233375,0.22013400882245704,0.6174452869547907,154.34,4
SE_4,2026-04-10,47.41020978761077,214.84,32.06,0.5715614554706593,0.1099677563891932,0.6815292118598526,182.78,4
SE_4,2026-04-11,36.54099706722117,113.74,8.11,0.4346460535050229,0.22099617984530218,0.655642233350325,105.63,4
SE_4,2026-04-12,37.15248676713924,143.84,5.58,0.6915489054621554,0.06916188687630795,0.7607107923384633,138.26,4
SE_4,2026-04-13,22.016470704219078,135.67,47.3,0.7343652645938944,0.07957969295150348,0.8139449575453979,88.36999999999999,4
SE_4,2026-04-14,25.689519096384593,155.56,44.39,0.7403638603095364,0.03260722029404917,0.7729710806035855,111.17,4
SE_4,2026-04-15,38.18908161324018,213.97,53.73,0.18570683404616498,0.17365261317011838,0.3593594472162834,160.24,4
SE_4,2026-04-16,35.70685455703787,205.15,52.6,0.11310555953989403,0.21885684918363535,0.3319624087235294,152.55,4
SE_4,2026-04-17,30.535678023542495,162.5,27.0,0.216899959920689,0.26451668183834814,0.48141664175903714,135.5,4
SE_4,2026-04-18,19.2467128931925,115.45,23.17,0.2086723499300062,0.19920252808957004,0.4078748780195762,92.28,4
SE_4,2026-04-19,20.533722929791768,97.94,19.19,0.5866926131378082,0.06164243513837011,0.6483350482761783,78.75,4
SE_4,2026-04-20,28.72104245999848,128.99,19.08,0.6882141045913251,0.12082145995611583,0.809035564547441,109.91000000000001,4
SE_4,2026-04-21,44.15128072775824,152.79,7.43,0.4021912094836226,0.2776587372833133,0.6798499467669359,145.35999999999999,4
SE_4,2026-04-22,26.946964714500993,71.73,-0.7,0.63904869754953,0.17343678914711194,0.8124854866966419,72.43,4
SE_4,2026-04-23,38.94279327837654,116.01,1.08,0.5287884613153259,0.21868104259504573,0.7474695039103715,114.93,4
SE_4,2026-04-24,38.90939849424829,143.51,3.59,0.4649444145721342,0.23891428401429224,0.7038586985864264,139.92,4
SE_4,2026-04-25,14.84957949925938,48.91,-2.17,0.796233574969805,0.08219523968100748,0.8784288146508125,51.08,4
SE_4,2026-04-26,25.94275613240841,61.71,-0.11,0.6702738172599368,0.16100580790620167,0.8312796251661384,61.82,4
SE_4,2026-04-27,47.91072622414067,188.68,11.67,0.41936406961918044,0.26342621101648633,0.6827902806356668,177.01000000000002,4
SE_4,2026-04-28,43.832103266877866,135.41,6.41,0.4031109470753876,0.24849078200534933,0.6516017290807369,129.0,4
SE_4,2026-04-29,46.70271945902531,170.56,14.32,0.39008864691389533,0.26376617073387837,0.6538548176477738,156.24,4
SE_4,2026-04-30,53.361035754959865,167.36,0.42,0.4753833494696565,0.2458076034067851,0.7211909528764416,166.94000000000003,4
SE_4,2026-05-01,8.91184027540318,22.29,-5.79,0.5583265485582335,0.2476934235819183,0.8060199721401516,28.08,5
SE_4,2026-05-02,7.251196041694618,19.5,-5.39,0.6769548062335868,0.1845409709597399,0.8614957771933267,24.89,5
SE_4,2026-05-03,47.190485926790146,153.97,13.23,0.4832641124088697,0.19286554671221304,0.6761296591210827,140.74,5
SE_4,2026-05-04,42.42739045139767,165.1,26.94,0.6197098886872893,0.12722673224667386,0.7469366209339632,138.16,5
SE_4,2026-05-05,42.05732852622903,186.23,35.0,0.5356868150472521,0.23853075736290041,0.7742175724101524,151.23,5
SE_4,2026-05-06,23.821727137547978,173.34,69.04,0.44034038894718824,0.2180914866644442,0.6584318756116325,104.3,5
SE_4,2026-05-07,29.389376380506747,216.38,101.69,0.253855554932652,0.29876928731993946,0.5526248422525915,114.69,5
SE_4,2026-05-08,28.96080709035163,156.09,45.7,0.402161626811436,0.24535337703689933,0.6475150038483354,110.39,5
SE_4,2026-05-09,54.05489981675631,152.59,2.26,0.3667147234674926,0.33459594607063686,0.7013106695381296,150.33,5
SE_4,2026-05-10,48.870231276197536,131.42,8.39,0.45892615465991965,0.2016623159977046,0.6605884706576243,123.02999999999999,5
SE_4,2026-05-11,15.703175346214131,169.07,90.47,0.5259313053408541,0.11677572955742137,0.6427070348982754,78.6,5
SE_4,2026-05-12,18.198241651312394,150.44,73.51,0.6332713057391034,0.10330672108200069,0.7365780268211042,76.92999999999999,5
SE_4,2026-05-13,25.739861638963454,180.25,72.93,0.42765849943668566,0.1393337977099071,0.5669922971465927,107.32,5
SE_4,2026-05-14,53.18323885140766,155.09,4.93,0.6158394262643734,0.16164421716497188,0.7774836434293452,150.16,5
SE_4,2026-05-15,34.27492886027911,144.44,28.36,0.39747960923984,0.2374750130715563,0.6349546223113963,116.08,5
SE_4,2026-05-16,39.1400159206908,142.44,14.63,0.6323204221159745,0.13200853010403907,0.7643289522200135,127.81,5
SE_4,2026-05-17,53.910998438357765,157.82,5.21,0.5406453040075885,0.20581338500053584,0.7464586890081244,152.60999999999999,5
SE_4,2026-05-18,25.042359754909242,195.13,88.89,0.3430961184113115,0.2565981105408666,0.599694228952178,106.24,5
SE_4,2026-05-19,32.20962267527783,201.66,69.58,0.24052464245347616,0.3159587445674115,0.5564833870208877,132.07999999999998,5
SE_4,2026-05-20,38.748228842233395,182.61,18.34,0.4348439430303587,0.2110788506370911,0.6459227936674498,164.27,5
SE_4,2026-05-21,45.513891873896824,206.36,24.3,0.5373687867099461,0.18538620283722354,0.7227549895471697,182.06,5
SE_4,2026-05-22,47.77097473735967,195.4,12.8,0.6051344925599621,0.20914511030190172,0.8142796028618638,182.6,5
SE_4,2026-05-23,36.53387558128806,103.69,-0.7,0.6302330998285468,0.21290379229999334,0.8431368921285401,104.39,5
SE_4,2026-05-24,49.6716955486044,121.52,-15.59,0.6725210994701541,0.1952398475610885,0.8677609470312427,137.10999999999999,5
SE_4,2026-05-25,53.77820942641957,135.09,-4.0,0.6912206017322319,0.18143242565396614,0.872653027386198,139.09,5
SE_4,2026-05-26,36.964157290685336,135.4,1.78,0.7691638448064101,0.1297223135060514,0.8988861583124614,133.62,5
SE_4,2026-05-27,51.52970832059175,138.85,-1.21,0.688880367367018,0.1817615531855711,0.8706419205525892,140.06,5
SE_4,2026-05-28,93.65331369727534,406.14,-0.15,0.40642941104644786,0.2737233781418527,0.6801527891883005,406.28999999999996,5
SE_4,2026-05-29,59.38896497268088,197.86,4.92,0.49657548527373807,0.2738484469927324,0.7704239322664704,192.94000000000003,5
SE_4,2026-05-30,50.38108250499388,168.66,7.84,0.6547592128517163,0.1737337847401653,0.8284929975918817,160.82,5
SE_4,2026-05-31,44.82842129767307,163.46,19.17,0.3218027030787944,0.33135413278818,0.6531568358669744,144.29000000000002,5
SE_4,2026-06-01,66.85657874667628,398.31,86.79,0.23477989180116668,0.2883548875042136,0.5231347793053803,311.52,6
SE_4,2026-06-02,24.140689157156558,178.67,82.48,0.3545078132053973,0.276342764060246,0.6308505772656433,96.18999999999998,6
SE_4,2026-06-03,31.059793386616374,162.9,40.48,0.657516281601283,0.17631118335735227,0.8338274649586351,122.42000000000002,6
SE_4,2026-06-04,39.256087021576846,124.67,6.74,0.7253704782903041,0.12571665717459607,0.8510871354649002,117.93,6
SE_4,2026-06-05,45.54385520675975,196.12,16.48,0.5867523692271842,0.19787617567810756,0.7846285449052918,179.64000000000001,6
SE_4,2026-06-06,40.49012919132049,157.48,11.8,0.45976720433830237,0.3080121680991625,0.7677793724374649,145.67999999999998,6
SE_4,2026-06-07,57.90869024781258,142.74,-1.76,0.4636566188373005,0.24465310202704452,0.7083097208643451,144.5,6
SE_4,2026-06-08,37.21400305204875,230.01,71.48,0.3460316212966776,0.32487647479413057,0.6709080960908081,158.52999999999997,6
SE_4,2026-06-09,40.28532607124667,160.22,22.14,0.7350380461008116,0.10222247526398497,0.8372605213647967,138.07999999999998,6
SE_4,2026-06-10,58.25646381791453,227.91,10.0,0.6698839323901762,0.16982463785281565,0.8397085702429918,217.91,6
SE_4,2026-06-11,34.355343064715534,185.67,40.09,0.3062563319701796,0.3708066607492267,0.6770629927194064,145.57999999999998,6
SE_4,2026-06-12,20.013172713525545,133.7,51.41,0.5329403270525518,0.25380945643744135,0.7867497834899931,82.28999999999999,6
SE_4,2026-06-13,27.0719835168221,85.55,2.38,0.62621963598831,0.18981042109198606,0.8160300570802961,83.17,6
SE_4,2026-06-14,30.35939091666927,101.4,-1.14,0.6592396102881618,0.18323221523685188,0.8424718255250138,102.54,6
SE_4,2026-06-15,48.69807845544005,170.34,8.71,0.6983555374433871,0.14777896570381052,0.8461345031471977,161.63,6
SE_4,2026-06-16,37.08096261395049,194.39,41.2,0.593942503462677,0.200167593617217,0.7941100970798939,153.19,6
SE_4,2026-06-17,29.467935444733804,169.84,60.22,0.3938346134927542,0.2576235324858453,0.6514581459785995,109.62,6
SE_4,2026-06-18,51.6512485048064,249.09,20.01,0.6094468831690533,0.14937647070843468,0.7588233538774881,229.08,6
SE_4,2026-06-19,51.497264758631744,185.24,9.32,0.44277139171512725,0.3245580341936887,0.7673294259088159,175.92000000000002,6
SE_4,2026-06-20,58.23051421530218,136.21,-0.23,0.5778614081111638,0.242935569902147,0.8207969780133109,136.44,6
SE_4,2026-06-21,58.54317476052753,151.29,0.04,0.5758029032062515,0.2731267456362559,0.8489296488425073,151.25,6
SE_4,2026-06-22,61.227437422469094,307.65,29.08,0.3688005259225584,0.32120139564468436,0.6900019215672427,278.57,6
SE_4,2026-06-23,48.01965761025977,248.7,34.32,0.3663520297194329,0.3378055970938631,0.704157626813296,214.38,6
SE_4,2026-06-24,68.25771749181904,366.91,59.24,0.5728062669218177,0.18569046814266588,0.7584967350644836,307.67,6
SE_4,2026-06-25,44.11533645437214,203.07,22.88,0.43592614229927573,0.27762547304186486,0.7135516153411405,180.19,6
SE_4,2026-06-26,35.67062428060354,186.33,26.12,0.3929271912252453,0.3555859460363342,0.7485131372615795,160.21,6
SE_4,2026-06-27,43.80916138854957,154.48,6.0,0.5156316738505771,0.2952193691775091,0.8108510430280863,148.48,6
SE_4,2026-06-28,43.89193985422228,160.45,11.72,0.49886913779096737,0.28909838277013233,0.7879675205610996,148.73,6
SE_4,2026-06-29,18.28707249263471,142.82,65.65,0.6540913105340379,0.20698318393856752,0.8610744944726054,77.16999999999999,6
SE_4,2026-06-30,92.3441296436225,532.21,81.87,0.37112953905308954,0.3009594163096224,0.672088955362712,450.34000000000003,6
SE_4,2026-07-01,40.79603364995159,248.12,82.81,0.3424861745311705,0.3418408846564207,0.6843270591875913,165.31,7
SE_4,2026-07-02,33.32668091600472,131.22,13.73,0.6459192084029298,0.16846869526190753,0.8143879036648373,117.49,7
SE_4,2026-07-03,11.208327280537072,69.63,9.17,0.8567730118684196,0.05871742355533483,0.9154904354237545,60.459999999999994,7
SE_4,2026-07-04,42.82724509418575,121.31,8.98,0.694295905396769,0.17748538484701312,0.8717812902437821,112.33,7
SE_4,2026-07-05,43.555472971585424,117.57,1.96,0.7505495090770191,0.13158206878065049,0.8821315778576696,115.61,7
SE_4,2026-07-06,39.773302389699246,140.13,9.08,0.7389454970336377,0.11699618221644005,0.8559416792500777,131.04999999999998,7
SE_4,2026-07-07,34.13149238799234,115.89,12.68,0.8019761880687795,0.0711935295225704,0.8731697175913499,103.21000000000001,7
SE_4,2026-07-08,54.118367624818475,136.43,8.18,0.7524463848269475,0.13677115837058093,0.8892175431975285,128.25,7
SE_4,2026-07-09,46.581361651656,232.02,25.71,0.5456683974645545,0.27550463810944686,0.8211730355740015,206.31,7
SE_4,2026-07-10,39.759782244960384,194.0,30.1,0.5202899882688741,0.27556688122292355,0.7958568694917977,163.9,7
SE_4,2026-07-11,58.65767758747477,159.79,4.68,0.399414370203702,0.37072596174080763,0.7701403319445097,155.10999999999999,7
SE_4,2026-07-12,56.9583828233271,145.22,3.55,0.5973195442638396,0.23714694220718904,0.8344664864710286,141.67,7
SE_4,2026-07-13,37.00392188303664,184.44,51.36,0.4700350255922961,0.24378783447047658,0.7138228600627726,133.07999999999998,7
SE_4,2026-07-14,37.877474877742785,187.67,43.14,0.35218704346436597,0.34552569188290505,0.6977127353472711,144.52999999999997,7
SE_4,2026-07-15,42.220370404513275,220.28,61.04,0.2699841286380896,0.3775549432655025,0.6475390719035922,159.24,7
SE_4,2026-07-16,40.508611748349374,240.69,77.86,0.21719801182302434,0.3696156839773834,0.5868136958004078,162.82999999999998,7
SE_4,2026-07-17,24.573062757610696,168.06,79.57,0.39364154951328567,0.32324345003458077,0.7168849995478664,88.49000000000001,7
SE_4,2026-07-18,55.3130143079469,146.45,6.95,0.571800801942198,0.2144633902170732,0.7862641921592712,139.5,7
SE_4,2026-07-19,61.821014713867264,158.28,0.2,0.5941180819847827,0.22456781292603537,0.8186858949108181,158.08,7
SE_4,2026-07-20,58.3394613763635,167.35,10.89,0.8148985756084924,0.07194311412087852,0.8868416897293709,156.45999999999998,7
SE_4,2026-07-21,53.150007822530824,165.56,16.34,0.6121652023002521,0.23036900219926618,0.8425342044995183,149.22,7
SE_4,2026-07-22,45.89741858531972,149.03,16.3,0.6244849498643411,0.17616959596157333,0.8006545458259144,132.73,7
SE_4,2026-07-23,60.94105183144091,175.78,9.72,0.5149823410964883,0.23608804411436554,0.7510703852108539,166.06,7
SE_4,2026-07-24,62.7955796507465,160.3,5.55,0.6707343482222786,0.16138332822951218,0.8321176764517909,154.75,7
SE_4,2026-07-25,25.726707972728168,113.17,0.01,0.7888531877133685,0.10131213458467862,0.8901653222980471,113.16,7
SE_4,2026-07-26,59.238872521517614,147.04,-0.03,0.6167856820787924,0.17660488265651011,0.7933905647353026,147.07,7
SE_4,2026-07-27,34.26696515417136,115.88,7.72,0.7877829099629032,0.1024382239387388,0.890221133901642,108.16,7
SE_4,2026-07-28,25.493206901975473,102.81,1.21,0.7837983636810546,0.11760063590166493,0.9013989995827196,101.60000000000001,7
SE_4,2026-07-29,54.828544368174626,162.41,7.16,0.6077791868035685,0.20750860017776282,0.8152877869813313,155.25,7
SE_4,2026-07-30,40.284229926591735,148.67,3.89,0.6655416571475881,0.20661372739014253,0.8721553845377307,144.78,7
SE_4,2026-07-31,22.734444281711514,80.16,3.86,0.583028691966562,0.24431267399792592,0.827341365964488,76.3,7
SE_4,2026-08-01,6.887831234274118,37.86,6.97,0.5213368934573327,0.2752021435527184,0.7965390370100511,30.89,8
SE_4,2026-08-02,9.688786464665984,41.84,2.55,0.6887831775640277,0.1832948727273707,0.8720780502913984,39.290000000000006,8
SE_4,2026-08-03,64.99657487728496,192.15,12.67,0.4201397601382965,0.31850737005841456,0.738647130196711,179.48000000000002,8
SE_4,2026-08-04,44.531109439298014,164.03,17.88,0.5050238255489933,0.2561772780058416,0.7612011035548348,146.15,8
SE_4,2026-08-05,43.778764563046614,164.29,6.96,0.6693809182221515,0.20119745758340302,0.8705783758055544,157.32999999999998,8
SE_4,2026-08-06,3.712023370077295,17.21,1.8,0.8116494568696376,0.12101821143851234,0.9326676683081501,15.41,8
SE_4,2026-08-07,16.13959481457043,80.94,1.74,0.8176321153542313,0.10385858652175665,0.9214907018759879,79.2,8
SE_4,2026-08-08,14.0194761892381,55.05,0.49,0.6929827536525369,0.1813340014719709,0.8743167551245078,54.559999999999995,8
SE_4,2026-08-09,2.5898712606864898,8.78,0.0,0.7009497934114556,0.19701876230258353,0.897968555714039,8.78,8
SE_4,2026-08-10,4.60379556295958,21.28,3.2,0.8336781196518119,0.09918386314330851,0.9328619827951204,18.080000000000002,8
SE_4,2026-08-11,67.80508500538672,168.52,1.32,0.7095239991147007,0.176933812638876,0.8864578117535767,167.20000000000002,8
SE_4,2026-08-12,73.687878143309,338.74,16.71,0.4369822202657914,0.3499484655815784,0.7869306858473698,322.03000000000003,8
SE_4,2026-08-13,57.43498213454979,320.13,41.92,0.4333265521044376,0.31429586485124933,0.747622416955687,278.21,8
SE_4,2026-08-14,59.617025958753324,191.02,11.55,0.5954948096399173,0.26747805741388986,0.8629728670538072,179.47,8
SE_4,2026-08-15,12.30111500036452,62.51,6.32,0.741601015433655,0.17073339643748872,0.9123344118711435,56.19,8
SE_4,2026-08-16,25.199019066817353,101.37,5.66,0.801175537546651,0.10868179420126779,0.9098573317479189,95.71000000000001,8
SE_4,2026-08-17,56.66639223272685,219.87,11.38,0.47348727054429957,0.20936663549435355,0.6828539060386531,208.49,8
SE_4,2026-08-18,26.600964980311744,224.16,123.24,0.37978567446070116,0.2333909321659041,0.6131766066266052,100.92,8
SE_4,2026-08-19,26.482772095907407,217.69,123.84,0.395375598434001,0.12954026394237492,0.5249158623763759,93.85,8
SE_4,2026-08-20,41.323052534614476,189.69,51.17,0.5832644891821179,0.1665663380347747,0.7498308272168925,138.51999999999998,8
SE_4,2026-08-21,38.755458946410755,189.45,50.2,0.5786656066154036,0.2052301366188187,0.7838957432342223,139.25,8
SE_4,2026-08-22,40.685385193914456,148.82,2.85,0.596736508708856,0.19438211894693458,0.7911186276557906,145.97,8
SE_4,2026-08-23,49.981251978099195,164.22,1.51,0.5431290839740045,0.24691393980983697,0.7900430237838414,162.71,8
SE_4,2026-08-24,56.82477499656365,221.17,20.9,0.393590794080758,0.30136855689842446,0.6949593509791825,200.26999999999998,8
SE_4,2026-08-25,40.04488678058332,217.29,80.85,0.3342628957096569,0.31818404664806116,0.652446942357718,136.44,8
SE_4,2026-08-26,39.400844928156445,224.06,86.27,0.44295742416406153,0.26797630739079886,0.7109337315548604,137.79000000000002,8
SE_4,2026-08-27,32.01828512929158,175.21,46.86,0.6483448486214655,0.1873821105335655,0.835726959155031,128.35000000000002,8
SE_4,2026-08-28,30.172820841493994,110.34,1.88,0.8706889751091019,0.04917786890912495,0.9198668440182268,108.46000000000001,8
SE_4,2026-08-29,54.844865413908494,166.25,0.66,0.7391492343717078,0.12814072742990723,0.8672899618016151,165.59,8
SE_4,2026-08-30,35.80489361768422,144.39,10.84,0.814865547806363,0.05908986713083292,0.8739554149371959,133.54999999999998,8
SE_4,2026-08-31,55.840433666782154,213.79,15.36,0.6202641274518682,0.14246865306506482,0.762732780516933,198.43,8
SE_4,2026-09-01,35.54381610291577,204.4,45.99,0.5842859043821393,0.17387950499414617,0.7581654093762856,158.41,9
SE_4,2026-09-02,46.360078084016855,153.25,20.55,0.8164802008876734,0.07166184383737582,0.8881420447250492,132.7,9
SE_4,2026-09-03,58.7962481557538,189.41,16.0,0.7935859174115388,0.0651407289623142,0.858726646373853,173.41,9
SE_4,2026-09-04,35.61883831832433,135.0,16.22,0.839634448262352,0.05095627115117682,0.8905907194135289,118.78,9
SE_4,2026-09-05,10.826850029809334,42.35,2.11,0.8717084598465333,0.06753128107234856,0.939239740918882,40.24,9
SE_4,2026-09-06,70.91085721676973,177.78,1.37,0.7587272725268455,0.13180078744044452,0.89052805996729,176.41,9
SE_4,2026-09-07,74.00536265745478,241.71,3.74,0.7260209327434102,0.11814724405472576,0.8441681767981359,237.97,9
SE_4,2026-09-08,80.85633053989771,258.96,3.6,0.7356616375231178,0.06361072613036632,0.7992723636534841,255.35999999999999,9
SE_4,2026-09-09,49.14224010316842,200.04,15.61,0.6446816228521522,0.13928832784113224,0.7839699506932845,184.43,9
SE_4,2026-09-10,95.76695665157591,444.12,11.48,0.7496603207509511,0.09528515005447831,0.8449454708054295,432.64,9
SE_4,2026-09-11,62.39688585056695,238.99,31.19,0.5523514843022718,0.15140685078471602,0.7037583350869877,207.8,9
SE_4,2026-09-12,31.05943289616121,130.17,8.17,0.654050548662728,0.15093872945569445,0.8049892781184225,121.99999999999999,9
SE_4,2026-09-13,78.81598731311023,239.58,8.32,0.4729395104043228,0.16645865610529464,0.6393981665096174,231.26000000000002,9
SE_4,2026-09-14,146.8625718348754,797.48,106.26,0.1797757406323046,0.1216847481049186,0.3014604887372232,691.22,9
SE_4,2026-09-15,76.47090818866717,263.62,7.96,0.6363796435466401,0.11179735464352893,0.7481769981901691,255.66,9
SE_4,2026-09-16,68.66730763340452,224.06,7.95,0.7662220145769485,0.09348512928317741,0.8597071438601258,216.11,9
SE_4,2026-09-17,67.52641167868732,201.93,7.07,0.829786507902604,0.06251917780086731,0.8923056857034714,194.86,9
SE_4,2026-09-18,29.40229930067829,119.07,4.52,0.8251172128069056,0.0718022814117105,0.8969194942186162,114.55,9
SE_4,2026-09-19,4.989216582316623,22.59,-1.68,0.9080941075485448,0.023265479382803253,0.931359586931348,24.27,9
SE_4,2026-09-20,12.415336971071836,41.52,0.24,0.8703109799963681,0.05603746463200859,0.9263484446283767,41.28,9
SE_4,2026-09-21,71.28067669770297,191.78,7.73,0.8204554356087751,0.08244249580473799,0.9028979314135129,184.05,9
SE_4,2026-09-22,83.07376947147371,543.23,115.58,0.43633466350874045,0.2109159607736114,0.6472506242823519,427.65000000000003,9
SE_4,2026-09-23,59.55911122978964,351.69,101.86,0.2568485747913475,0.2093560387384115,0.466204613529759,249.82999999999998,9
SE_4,2026-09-24,45.9134330502819,269.58,97.52,0.3103373840300048,0.19504430790022523,0.5053816919302301,172.06,9
SE_4,2026-09-25,54.27981167700188,292.73,35.29,0.6947418564653655,0.08370432589300959,0.7784461823583751,257.44,9
SE_4,2026-09-26,49.48029531203979,172.96,9.38,0.7998149368420515,0.07309609576435666,0.8729110326064081,163.58,9
SE_4,2026-09-27,63.984501861162066,185.77,5.8,0.5826882820786125,0.21685804993056548,0.7995463320091779,179.97,9
SE_4,2026-09-28,80.61550145102096,342.97,4.22,0.722711767378657,0.07829246589865108,0.8010042332773083,338.75,9
SE_4,2026-09-29,43.42627076537564,236.46,94.87,0.4196670723899094,0.1785484556859642,0.5982155280758736,141.59,9
SE_4,2026-09-30,42.68440822804632,228.61,83.24,0.7523917172244894,0.09862792254956225,0.8510196397740516,145.37,9
SE_4,2026-10-01,53.03393064160195,266.08,21.84,0.8062235496906424,0.08655104871801483,0.8927745984086571,244.23999999999998,10
SE_4,2026-10-02,47.67866064923412,281.42,72.94,0.6207380749825909,0.0996593661174125,0.7203974411000035,208.48000000000002,10
SE_4,2026-10-03,48.3172381736154,204.27,25.48,0.6429444628857216,0.16422522585903418,0.8071696887447558,178.79000000000002,10
SE_4,2026-10-04,45.98756470253386,194.35,28.19,0.7619694646888159,0.09405342199648915,0.856022886685305,166.16,10
SE_4,2026-10-05,49.63900840225712,192.58,6.21,0.8921158907421767,0.031075588432459632,0.9231914791746365,186.37,10
