zone,hour,price_eur_mwh
DE_LU,0,117.92102189781022
DE_LU,1,112.01880681818183
DE_LU,2,108.44248371335505
DE_LU,3,106.6254788961039
DE_LU,4,107.3226948051948
DE_LU,5,112.75352272727272
DE_LU,6,126.53982142857143
DE_LU,7,133.0912905844156
DE_LU,8,124.54304383116883
DE_LU,9,102.50540584415585
DE_LU,10,80.16056006493507
DE_LU,11,62.78982142857143
DE_LU,12,49.96220779220779
DE_LU,13,42.78614448051948
DE_LU,14,47.28400974025974
DE_LU,15,62.24715909090909
DE_LU,16,84.05434253246753
DE_LU,17,113.85176948051948
DE_LU,18,141.05423701298702
DE_LU,19,162.48103084415584
DE_LU,20,165.53814123376623
DE_LU,21,152.3782224025974
DE_LU,22,139.01839285714286
DE_LU,23,123.93919642857142
SE_4,0,80.75822384428224
SE_4,1,75.63485389610389
SE_4,2,72.72527687296417
SE_4,3,71.5997077922078
SE_4,4,72.6936525974026
SE_4,5,78.22174512987013
SE_4,6,94.15395292207792
SE_4,7,106.70937500000001
SE_4,8,104.35506493506493
SE_4,9,87.98040584415584
SE_4,10,72.28883116883117
SE_4,11,62.17286525974026
SE_4,12,55.73664772727273
SE_4,13,52.294926948051945
SE_4,14,53.649383116883115
SE_4,15,61.15435876623376
SE_4,16,75.00365259740259
SE_4,17,97.54733766233767
SE_4,18,118.45125
SE_4,19,130.56508116883117
SE_4,20,128.35958603896106
SE_4,21,115.77713474025974
SE_4,22,101.65680194805194
SE_4,23,88.6130762987013
